titulo,autor_id,anio_publicacion,genero,disponibilidad
Persevering bifurcated alliance,1,1960,Romance,False
Exclusive intermediate array,2,1956,Non-Fiction,True
Grass-roots 24/7 application,3,1982,Thriller,True
Object-based background hub,4,2017,Science Fiction,True
Optional analyzing array,5,2010,Biography,False
Reverse-engineered empowering array,6,1986,Science Fiction,True
User-centric maximized intranet,7,1957,Fantasy,True
Organized eco-centric functionalities,8,1988,Thriller,True
Virtual fault-tolerant open system,9,1953,Non-Fiction,True
Versatile analyzing conglomeration,10,2009,Fantasy,True
Phased stable paradigm,11,1972,History,False
Virtual tertiary analyzer,12,1974,Biography,False
Fundamental mission-critical productivity,13,2015,Thriller,False
Innovative needs-based artificial intelligence,14,2024,Thriller,False
Quality-focused didactic implementation,15,1950,Biography,False
Visionary full-range open architecture,16,1963,Non-Fiction,True
Expanded optimal paradigm,17,1995,Fantasy,False
Integrated secondary complexity,18,1987,Biography,True
Multi-tiered composite benchmark,19,2005,Romance,True
Automated global monitoring,20,1976,History,False
Digitized intangible groupware,1,1980,Romance,False
Open-architected 3rdgeneration portal,2,1960,Non-Fiction,True
Ameliorated multimedia matrix,3,2004,Biography,True
Balanced contextually-based open system,4,2004,History,False
Horizontal content-based function,5,2004,Biography,False
Profit-focused transitional system engine,6,1962,History,False
Re-contextualized neutral initiative,7,1985,Non-Fiction,True
User-friendly scalable info-mediaries,8,1958,Biography,True
Open-source holistic migration,9,2002,Science Fiction,False
Devolved executive budgetary management,10,2018,Fiction,True
Distributed 6thgeneration paradigm,11,1972,Fiction,True
Cloned human-resource flexibility,12,1976,History,False
Reduced foreground approach,13,2018,Non-Fiction,True
Customizable upward-trending website,14,2018,Biography,True
Optional user-facing challenge,15,1977,Thriller,True
Centralized coherent benchmark,16,2000,Biography,False
Focused dynamic projection,17,1957,History,True
Cross-platform fresh-thinking matrices,18,1998,Fiction,True
Synchronized exuding support,19,2013,Thriller,False
Distributed incremental encoding,20,1998,Non-Fiction,True
Streamlined dynamic analyzer,1,1996,Romance,True
Open-architected grid-enabled ability,2,2004,Biography,True
Networked encompassing collaboration,3,2006,Science Fiction,False
Ergonomic demand-driven portal,4,2024,Thriller,True
Intuitive cohesive framework,5,2015,History,True
Virtual regional website,6,2007,History,True
Seamless modular customer loyalty,7,2021,Fiction,False
Virtual contextually-based encoding,8,2002,Fantasy,True
Multi-lateral context-sensitive budgetary management,9,1980,Non-Fiction,True
Configurable intangible flexibility,10,1974,Romance,False
Ergonomic 24/7 circuit,11,1964,History,True
Reverse-engineered 3rdgeneration adapter,12,1978,Fantasy,True
Visionary static structure,13,1955,Science Fiction,False
Front-line content-based challenge,14,1999,Science Fiction,True
Grass-roots contextually-based firmware,15,1989,Romance,True
Mandatory high-level orchestration,16,1967,Romance,False
Diverse 6thgeneration support,17,1975,Thriller,True
Extended full-range benchmark,18,1983,Thriller,False
Sharable maximized structure,19,1951,Thriller,False
Monitored reciprocal workforce,20,1976,Thriller,True
Adaptive bandwidth-monitored time-frame,1,2009,History,False
Synergistic methodical data-warehouse,2,2022,Non-Fiction,False
Up-sized mission-critical monitoring,3,1969,Biography,True
Configurable uniform knowledge user,4,1955,Thriller,True
Customer-focused maximized process improvement,5,1982,Fiction,False
Re-engineered empowering process improvement,6,2022,Biography,False
Front-line composite emulation,7,2004,Non-Fiction,False
Compatible systematic application,8,1984,Science Fiction,False
Front-line intangible standardization,9,2011,Fantasy,True
Fully-configurable homogeneous secured line,10,1984,History,True
Streamlined global emulation,11,1953,History,True
Seamless stable application,12,1957,Romance,True
Synergistic zero-defect time-frame,13,2006,Thriller,True
Reverse-engineered 24/7 budgetary management,14,2000,History,False
Seamless grid-enabled framework,15,2015,Science Fiction,True
Profit-focused zero administration help-desk,16,2013,Biography,True
Organic foreground functionalities,17,2001,Science Fiction,True
Programmable actuating capacity,18,1982,Fantasy,True
Cross-platform motivating project,19,1953,Fantasy,True
Total heuristic conglomeration,20,2011,Thriller,False
Ergonomic client-driven concept,1,1973,Fantasy,True
Cross-platform bandwidth-monitored architecture,2,1994,Thriller,True
Cross-group discrete migration,3,2004,Biography,False
Devolved empowering adapter,4,2004,Fiction,True
Ameliorated transitional service-desk,5,1983,Science Fiction,True
Focused exuding support,6,1977,History,True
Assimilated even-keeled info-mediaries,7,1989,Romance,False
Fully-configurable secondary orchestration,8,2008,Romance,False
Reverse-engineered mobile conglomeration,9,2001,Fiction,False
Robust contextually-based approach,10,2000,Fantasy,False
Ameliorated user-facing hierarchy,11,1999,Fantasy,True
Up-sized 4thgeneration Graphical User Interface,12,2002,Science Fiction,True
Focused composite budgetary management,13,1966,Non-Fiction,False
Reverse-engineered object-oriented moderator,14,2000,Fantasy,True
Secured 4thgeneration intranet,15,1970,Science Fiction,True
Persistent dynamic intranet,16,1971,Romance,False
Cross-group demand-driven migration,17,2012,Biography,False
Focused scalable infrastructure,18,1955,Fiction,True
Triple-buffered exuding service-desk,19,2024,Romance,False
Focused mobile protocol,20,2008,Thriller,True